{
  "project_info": {
    "project_number": "486888806835",
    "project_id": "itapsdkexample",
    "storage_bucket": "itapsdkexample.appspot.com"
  },
  "client": [
    {
      "client_info": {
        "mobilesdk_app_id": "1:486888806835:android:148fcaad1d64236d4253c6",
        "android_client_info": {
          "package_name": "com.vnpt.example"
        }
      },
      "oauth_client": [
        {
          "client_id": "486888806835-epum6iag8rod7krfbd1n2221f79g1gq4.apps.googleusercontent.com",
          "client_type": 3
        }
      ],
      "api_key": [
        {
          "current_key": "AIzaSyDR-7olmjCPb-qASMDCTIre-6Dahnp6-0M"
        }
      ],
      "services": {
        "appinvite_service": {
          "other_platform_oauth_client": [
            {
              "client_id": "486888806835-epum6iag8rod7krfbd1n2221f79g1gq4.apps.googleusercontent.com",
              "client_type": 3
            },
            {
              "client_id": "486888806835-vss2gjjdmsngfpd32d2n1sf7fvv4k70i.apps.googleusercontent.com",
              "client_type": 2,
              "ios_info": {
                "bundle_id": "vlive.itap.SdkExample"
              }
            }
          ]
        }
      }
    }
  ],
  "configuration_version": "1"
}